title,description,year,mileage,brand,model,type,city,town,seats,fuel,transmission,color,features,driver_option,price_with_driver,price_self_drive,price_daily,price_monthly,price_within_city,price_out_of_city,image_urls,plate_number,business_location
Honda City,Reliable compact sedan offering excellent fuel economy comfortable city driving and smooth performance for daily commutes and small family travel.,,,,Honda,City,Sedan,Rawalpindi,Satellite Town,4,Petrol,Automatic,,Air Conditioning|With Driver|Clean Interior|Without Fuel,With_Driver,5500,,5500,,,,https://transporter.biz/wp-content/uploads/2025/01/Honda-City.webp,,"D,358, 6th Rd, D Block Block D Satellite Town, Rawalpindi, Pakistan"
Toyota GLI,Durable sedan known for its reliability spacious interior and comfortable ride perfect for family trips and daily city transportation needs.,,,,Toyota,Corolla GLI,Sedan,Rawalpindi,Satellite Town,4,Petrol,Automatic,,Air Conditioning|With Driver|Clean Interior|Without Fuel,With_Driver,5500,,5500,,,,https://transporter.biz/wp-content/uploads/2025/01/Toyota-GLI.webp,,
Honda Civic,Sporty sedan featuring a premium interior advanced safety features and powerful performance ideal for executive travel and comfortable city driving.,,,,Honda,Civic,Sedan,Rawalpindi,Satellite Town,4,Petrol,Automatic,,Air Conditioning|With Driver|Clean Interior|Without Fuel|Luxury,With_Driver,13000,,13000,,,,https://transporter.biz/wp-content/uploads/2025/01/Honda-Civic.webp,,
Toyota Grande,Luxury sedan with superior comfort advanced features and smooth handling making it an excellent choice for business and family travel.,,,,Toyota,Corolla Grande,Sedan,Rawalpindi,Satellite Town,4,Petrol,Automatic,,Air Conditioning|With Driver|Clean Interior|Without Fuel|Luxury,With_Driver,8000,,8000,,,,https://transporter.biz/wp-content/uploads/2025/01/Toyota-Grande.webp,,
Toyota Fortuner,Robust SUV combining off-road capability with luxury features offering a powerful ride and spacious seating for adventurous family trips.,,,,Toyota,Fortuner,SUV,Rawalpindi,Satellite Town,7,Petrol,Automatic,,Air Conditioning|With Driver|Clean Interior|Without Fuel|7 Seater|Luxury,With_Driver,16000,,16000,,,,https://transporter.biz/wp-content/uploads/2025/01/Toyota-Fortuner.webp,,
Toyota Prado,Premium SUV delivering exceptional comfort advanced safety and powerful performance perfect for executive transport and comfortable long-distance travel.,,,,Toyota,Prado,SUV,Rawalpindi,Satellite Town,7,Petrol,Automatic,,Air Conditioning|With Driver|Clean Interior|Without Fuel|7 Seater|Luxury,With_Driver,16000,,16000,,,,https://transporter.biz/wp-content/uploads/2025/01/Toyota-Prado.webp,,
Toyota Land Cruiser,Ultimate luxury SUV offering unmatched performance prestige and comfort ideal for high-profile travel and navigating any terrain with style.,,,,Toyota,Land Cruiser,SUV,Rawalpindi,Satellite Town,7,Petrol,Automatic,,Air Conditioning|With Driver|Clean Interior|Without Fuel|7 Seater|Luxury|Premium Interior,With_Driver,25000,,25000,,,,https://transporter.biz/wp-content/uploads/2025/01/Toyota-Land-Cruiser.webp,,
Hyundai Sonata,Elegant sedan with a modern design premium interior features and smooth performance perfect for stylish city driving and business use.,,,,Hyundai,Sonata,Sedan,Rawalpindi,Satellite Town,4,Petrol,Automatic,,Air Conditioning|With Driver|Clean Interior|Without Fuel|Luxury,With_Driver,,,,,,,https://transporter.biz/wp-content/uploads/2025/01/Hyundai-Sonata.webp,,
Audi A6,Executive luxury sedan offering sophisticated design advanced technology and a powerful driving experience for discerning business travelers and VIPs.,,,,Audi,A6,Sedan,Rawalpindi,Satellite Town,4,Petrol,Automatic,,Air Conditioning|With Driver|Clean Interior|Without Fuel|Luxury|Premium Interior,With_Driver,,,,,,,https://transporter.biz/wp-content/uploads/2025/01/Audi-A6.webp,,
Porsche Panamera,High-performance luxury sports sedan combining speed style and exclusive comfort designed for those who demand the very best driving experience.,,,,Porsche,Panamera,Sedan,Rawalpindi,Satellite Town,4,Petrol,Automatic,,Air Conditioning|With Driver|Clean Interior|Without Fuel|Luxury|Premium Interior|Sports,With_Driver,,,,,,,https://transporter.biz/wp-content/uploads/2025/01/Porsche-Panamera.webp,,
Mercedes Maybach S680,The pinnacle of luxury and exclusivity offering unmatched comfort prestige and advanced technology for the ultimate VIP chauffeured experience.,,,,Mercedes,Maybach S680,Sedan,Rawalpindi,Satellite Town,4,Petrol,Automatic,,Air Conditioning|With Driver|Clean Interior|Without Fuel|Luxury|Premium Interior,With_Driver,,,,,,,https://transporter.biz/wp-content/uploads/2025/01/Mercedes-S680-Maybach.webp,,
Mercedes E300,Sophisticated executive sedan known for its smooth ride premium interior and advanced safety features perfect for business and leisure travel.,,,,Mercedes,E300,Sedan,Rawalpindi,Satellite Town,4,Petrol,Automatic,,Air Conditioning|With Driver|Clean Interior|Without Fuel|Luxury,With_Driver,,,,,,,https://transporter.biz/wp-content/uploads/2025/01/Mercedes-E300.webp,,
Mercedes C180,Compact luxury sedan offering a blend of style comfort and efficiency ideal for navigating the city with prestige and ease.,,,,Mercedes,C180,Sedan,Rawalpindi,Satellite Town,4,Petrol,Automatic,,Air Conditioning|With Driver|Clean Interior|Without Fuel|Luxury,With_Driver,,,,,,,https://transporter.biz/wp-content/uploads/2025/01/Mercedes-C180.webp,,
Lexus LX570,Full-size luxury SUV offering powerful performance spacious seating and premium features ensuring a comfortable ride for families and executives.,,,,Lexus,LX570,SUV,Rawalpindi,Satellite Town,7,Petrol,Automatic,,Air Conditioning|With Driver|Clean Interior|Without Fuel|7 Seater|Luxury,With_Driver,,,,,,,https://transporter.biz/wp-content/uploads/2025/01/Lexus-LX570.webp,,
BMW i8,Futuristic hybrid sports car featuring stunning design and exceptional performance perfect for making a bold statement on special occasions.,,,,BMW,i8,Coupe,Rawalpindi,Satellite Town,4,Hybrid,Automatic,,Air Conditioning|With Driver|Clean Interior|Without Fuel|Luxury|Sports,With_Driver,,,,,,,https://transporter.biz/wp-content/uploads/2025/01/BMW-I8.webp,,
AMG G Wagon G63,Iconic luxury SUV known for its boxy design immense power and off-road capability offering a prestigious and commanding road presence.,,,,Mercedes,AMG G63,SUV,Rawalpindi,Satellite Town,4,Petrol,Automatic,,Air Conditioning|With Driver|Clean Interior|Without Fuel|Luxury|Premium Interior,With_Driver,,,,,,,https://transporter.biz/wp-content/uploads/2025/01/AMG-63-G-Wagon.webp,,
Range Rover Vogue,Flagship luxury SUV delivering refined comfort advanced technology and superior performance ideal for executive travel and stylish family adventures.,,,,Land Rover,Range Rover Vogue,SUV,Rawalpindi,Satellite Town,7,Petrol,Automatic,,Air Conditioning|With Driver|Clean Interior|Without Fuel|7 Seater|Luxury|Premimum Interior,With_Driver,,,,,,,https://transporter.biz/wp-content/uploads/2025/01/Range-Rover-Vogue.webp,,
Range Rover Sport,Dynamic luxury SUV combining sporty performance with premium comfort and agility perfect for those who enjoy a spirited driving experience.,,,,Land Rover,Range Rover Sport,SUV,Rawalpindi,Satellite Town,4,Petrol,Automatic,,Air Conditioning|With Driver|Clean Interior|Without Fuel|Luxury|Sports,With_Driver,,,,,,,https://transporter.biz/wp/wp-content/uploads/2025/01/Range-Rover-Sport.jpg,,
